{
    "name": "ESP32 ESP32S2 AnalogWrite",
    "keywords": "pwm, servo, tone, esp32, analogWrite, esp32-s2, esp32-s3, esp32-c3, ledc",
    "description": "ESP32 PWM, Servo, Easing and Tone. Smart GPIO pin management and advanced control features.",
    "license": "MIT",
    "version": "5.0.2",
    "frameworks": "arduino",
    "platforms": "espressif32",
    "repository": {
        "type": "git",
        "url": "https://github.com/Dlloydev/ESP32-ESP32S2-AnalogWrite"
    },
    "authors": [
        {
            "name":  "David Lloyd"
        }
    ]
}